Date,BMNR,BE,OKLO,IREN,SNDK
2024-01-02,,14.760000228881836,10.600000381469727,6.800000190734863,
2024-01-03,,14.020000457763672,10.649999618530273,6.539999961853027,
2024-01-04,,13.90999984741211,10.649999618530273,6.739999771118164,
2024-01-05,,13.770000457763672,10.65999984741211,6.190000057220459,
2024-01-08,,13.890000343322754,10.640000343322754,6.420000076293945,
2024-01-09,,13.319999694824219,10.645000457763672,6.079999923706055,
2024-01-10,,13.470000267028809,10.619999885559082,6.449999809265137,
2024-01-11,,12.970000267028809,10.640000343322754,6.039999961853027,
2024-01-12,,12.729999542236328,10.640000343322754,5.150000095367432,
2024-01-16,,11.850000381469727,10.619999885559082,4.809999942779541,
2024-01-17,,11.260000228881836,10.619999885559082,4.710000038146973,
2024-01-18,,11.270000457763672,10.635000228881836,4.329999923706055,
2024-01-19,,11.399999618530273,10.630000114440918,4.320000171661377,
2024-01-22,,12.0600004196167,10.649999618530273,4.300000190734863,
2024-01-23,,11.930000305175781,10.779999732971191,4.150000095367432,
2024-01-24,,11.869999885559082,10.789999961853027,4.0,
2024-01-25,,12.470000267028809,10.779999732971191,4.059999942779541,
2024-01-26,,12.470000267028809,10.75,4.269999980926514,
2024-01-29,,11.899999618530273,11.260000228881836,4.480000019073486,
2024-01-30,,11.359999656677246,11.220000267028809,4.329999923706055,
2024-01-31,,11.319999694824219,11.119999885559082,3.9200000762939453,
2024-02-01,,12.010000228881836,11.149999618530273,3.75,
2024-02-02,,11.600000381469727,10.630000114440918,3.7899999618530273,
2024-02-05,,11.029999732971191,10.640000343322754,3.6500000953674316,
2024-02-06,,11.3100004196167,10.65999984741211,3.8399999141693115,
2024-02-07,,11.300000190734863,10.630000114440918,4.119999885559082,
2024-02-08,,11.520000457763672,10.609999656677246,5.099999904632568,
2024-02-09,,11.529999732971191,10.609999656677246,5.940000057220459,
2024-02-12,,12.319999694824219,10.65999984741211,6.929999828338623,
2024-02-13,,11.25,10.630000114440918,6.920000076293945,
2024-02-14,,11.710000038146973,10.630000114440918,8.300000190734863,
2024-02-15,,11.970000267028809,10.65999984741211,7.739999771118164,
2024-02-16,,9.880000114440918,10.630000114440918,6.809999942779541,
2024-02-20,,8.920000076293945,10.630000114440918,6.869999885559082,
2024-02-21,,8.960000038146973,10.640000343322754,6.639999866485596,
2024-02-22,,8.600000381469727,10.619999885559082,6.630000114440918,
2024-02-23,,8.579999923706055,10.640000343322754,6.179999828338623,
2024-02-26,,8.699999809265137,10.640000343322754,6.909999847412109,
2024-02-27,,9.319999694824219,10.640000343322754,6.769999980926514,
2024-02-28,,8.989999771118164,10.649999618530273,6.050000190734863,
2024-02-29,,8.770000457763672,10.640000343322754,5.900000095367432,
2024-03-01,,9.079999923706055,10.630000114440918,5.989999771118164,
2024-03-04,,9.029999732971191,10.649999618530273,5.699999809265137,
2024-03-05,,9.119999885559082,10.680000305175781,5.090000152587891,
2024-03-06,,9.539999961853027,10.729999542236328,5.400000095367432,
2024-03-07,,10.4399995803833,10.739999771118164,5.360000133514404,
2024-03-08,,10.3100004196167,10.760000228881836,5.349999904632568,
2024-03-11,,10.460000038146973,10.800000190734863,5.079999923706055,
2024-03-12,,10.300000190734863,10.789999961853027,4.929999828338623,
2024-03-13,,10.029999732971191,10.789999961853027,4.900000095367432,
2024-03-14,,9.029999732971191,10.800000190734863,4.559999942779541,
2024-03-15,,9.260000228881836,10.739999771118164,4.599999904632568,
2024-03-18,,9.779999732971191,10.890000343322754,4.610000133514404,
2024-03-19,,9.470000267028809,10.850000381469727,4.489999771118164,
2024-03-20,,9.59000015258789,10.829999923706055,5.670000076293945,
2024-03-21,,9.819999694824219,10.739999771118164,5.650000095367432,
2024-03-22,,9.869999885559082,10.800000190734863,5.050000190734863,
2024-03-25,,10.039999961853027,10.850000381469727,5.579999923706055,
2024-03-26,,10.800000190734863,11.050000190734863,5.690000057220459,
2024-03-27,,11.029999732971191,11.149999618530273,5.369999885559082,
2024-03-28,,11.239999771118164,11.420000076293945,5.400000095367432,
2024-04-01,,11.729999542236328,12.180000305175781,6.46999979019165,
2024-04-02,,11.75,12.600000381469727,5.889999866485596,
2024-04-03,,11.710000038146973,12.869999885559082,5.559999942779541,
2024-04-04,,11.789999961853027,12.899999618530273,5.760000228881836,
2024-04-05,,11.6899995803833,13.100000381469727,5.599999904632568,
2024-04-08,,11.670000076293945,16.049999237060547,5.409999847412109,
2024-04-09,,11.880000114440918,14.15999984741211,5.010000228881836,
2024-04-10,,11.420000076293945,13.170000076293945,4.900000095367432,
2024-04-11,,11.380000114440918,13.40999984741211,4.96999979019165,
2024-04-12,,10.739999771118164,12.760000228881836,4.650000095367432,
2024-04-15,,10.239999771118164,12.5,4.329999923706055,
2024-04-16,,9.880000114440918,12.720000267028809,4.349999904632568,
2024-04-17,,9.800000190734863,12.699999809265137,4.5,
2024-04-18,,9.75,12.670000076293945,4.679999828338623,
2024-04-19,,9.630000114440918,12.5,4.949999809265137,
2024-04-22,,9.319999694824219,12.579999923706055,5.510000228881836,
2024-04-23,,9.829999923706055,13.0,5.579999923706055,
2024-04-24,,9.640000343322754,13.399999618530273,5.25,
2024-04-25,,9.550000190734863,13.0,5.170000076293945,
2024-04-26,,10.600000381469727,12.8100004196167,5.079999923706055,
2024-04-29,,10.989999771118164,14.420000076293945,4.690000057220459,
2024-04-30,,11.130000114440918,13.739999771118164,4.340000152587891,
2024-05-01,,11.3100004196167,13.9399995803833,4.329999923706055,
2024-05-02,,11.4399995803833,12.8100004196167,4.570000171661377,
2024-05-03,,11.800000190734863,14.829999923706055,4.730000019073486,
2024-05-06,,12.199999809265137,14.949999809265137,5.300000190734863,
2024-05-07,,11.770000457763672,14.34000015258789,5.070000171661377,
2024-05-08,,11.800000190734863,15.170000076293945,5.130000114440918,
2024-05-09,,11.739999771118164,18.229999542236328,5.110000133514404,
2024-05-10,,11.15999984741211,8.449999809265137,4.789999961853027,
2024-05-13,,11.550000190734863,9.770000457763672,4.849999904632568,
2024-05-14,,12.479999542236328,11.170000076293945,4.869999885559082,
2024-05-15,,12.859999656677246,10.270000457763672,5.199999809265137,
2024-05-16,,12.229999542236328,9.640000343322754,5.829999923706055,
2024-05-17,,12.329999923706055,9.010000228881836,6.019999980926514,
2024-05-20,,12.920000076293945,7.760000228881836,6.360000133514404,
2024-05-21,,15.130000114440918,7.440000057220459,7.400000095367432,
2024-05-22,,17.0,7.159999847412109,7.760000228881836,
2024-05-23,,15.729999542236328,7.590000152587891,7.070000171661377,
2024-05-24,,16.290000915527344,10.149999618530273,7.829999923706055,
2024-05-28,,16.530000686645508,10.789999961853027,7.889999866485596,
2024-05-29,,15.520000457763672,11.029999732971191,7.739999771118164,
2024-05-30,,16.639999389648438,10.279999732971191,7.409999847412109,
2024-05-31,,16.31999969482422,10.069999694824219,7.789999961853027,
2024-06-03,,15.75,9.289999961853027,8.0,
2024-06-04,,15.020000457763672,8.569999694824219,8.890000343322754,
2024-06-05,,15.680000305175781,9.09000015258789,9.0600004196167,
2024-06-06,,15.350000381469727,8.479999542236328,10.270000457763672,
2024-06-07,,14.84000015258789,8.350000381469727,10.529999732971191,
2024-06-10,,15.130000114440918,9.050000190734863,10.3100004196167,
2024-06-11,,14.75,9.449999809265137,12.350000381469727,
2024-06-12,,15.3100004196167,10.199999809265137,13.550000190734863,
2024-06-13,,15.100000381469727,10.210000038146973,13.699999809265137,
2024-06-14,,14.329999923706055,9.460000038146973,13.220000267028809,
2024-06-17,,13.949999809265137,9.399999618530273,14.449999809265137,
2024-06-18,,13.649999618530273,9.890000343322754,13.949999809265137,
2024-06-20,,14.010000228881836,9.34000015258789,13.899999618530273,
2024-06-21,,12.819999694824219,9.020000457763672,13.279999732971191,
2024-06-24,,13.239999771118164,9.520000457763672,12.630000114440918,
2024-06-25,,13.319999694824219,9.40999984741211,12.989999771118164,
2024-06-26,,12.619999885559082,8.9399995803833,12.270000457763672,
2024-06-27,,13.039999961853027,8.5600004196167,11.789999961853027,
2024-06-28,,12.239999771118164,8.470000267028809,11.289999961853027,
2024-07-01,,11.369999885559082,8.0,12.619999885559082,
2024-07-02,,10.819999694824219,8.029999732971191,14.390000343322754,
2024-07-03,,11.850000381469727,8.25,14.350000381469727,
2024-07-05,,12.15999984741211,7.650000095367432,15.029999732971191,
2024-07-08,,12.40999984741211,7.420000076293945,14.630000114440918,
2024-07-09,,12.260000228881836,7.679999828338623,12.819999694824219,
2024-07-10,,12.800000190734863,7.78000020980835,12.899999618530273,
2024-07-11,,13.369999885559082,7.510000228881836,11.199999809265137,
2024-07-12,,13.970000267028809,8.609999656677246,12.3100004196167,
2024-07-15,,14.539999961853027,8.720000267028809,11.994999885559082,
2024-07-16,,15.079999923706055,8.8100004196167,12.34000015258789,
2024-07-17,,15.279999732971191,8.880000114440918,11.260000228881836,
2024-07-18,,14.649999618530273,8.470000267028809,10.229999542236328,
2024-07-19,,14.180000305175781,8.609999656677246,11.300000190734863,
2024-07-22,,14.25,9.010000228881836,11.579999923706055,
2024-07-23,,15.109999656677246,9.239999771118164,10.890000343322754,
2024-07-24,,14.479999542236328,8.670000076293945,10.204999923706055,
2024-07-25,,14.479999542236328,8.40999984741211,9.430000305175781,
2024-07-26,,14.510000228881836,9.199999809265137,9.539999961853027,
2024-07-29,,13.789999961853027,8.789999961853027,9.720000267028809,
2024-07-30,,13.069999694824219,8.859999656677246,9.380000114440918,
2024-07-31,,13.539999961853027,9.100000381469727,10.069999694824219,
2024-08-01,,12.5,8.380000114440918,9.289999961853027,
2024-08-02,,11.789999961853027,8.1899995803833,8.619999885559082,
2024-08-05,,10.899999618530273,7.639999866485596,8.380000114440918,
2024-08-06,,10.649999618530273,7.880000114440918,7.920000076293945,
2024-08-07,,9.899999618530273,7.460000038146973,6.760000228881836,
2024-08-08,,10.539999961853027,7.28000020980835,7.599999904632568,
2024-08-09,,11.489999771118164,7.489999771118164,7.510000228881836,
2024-08-12,,11.140000343322754,7.050000190734863,7.579999923706055,
2024-08-13,,11.859999656677246,7.420000076293945,7.349999904632568,
2024-08-14,,11.40999984741211,7.610000133514404,7.25,
2024-08-15,,11.979999542236328,7.46999979019165,7.46999979019165,
2024-08-16,,11.609999656677246,7.510000228881836,7.96999979019165,
2024-08-19,,11.789999961853027,7.269999980926514,8.119999885559082,
2024-08-20,,11.510000228881836,6.920000076293945,8.130000114440918,
2024-08-21,,11.579999923706055,7.090000152587891,8.680000305175781,
2024-08-22,,11.239999771118164,6.769999980926514,8.100000381469727,
2024-08-23,,11.859999656677246,7.050000190734863,8.619999885559082,
2024-08-26,,11.869999885559082,6.949999809265137,8.130000114440918,
2024-08-27,,11.770000457763672,6.909999847412109,7.860000133514404,
2024-08-28,,11.34000015258789,6.389999866485596,7.420000076293945,
2024-08-29,,11.899999618530273,6.440000057220459,8.520000457763672,
2024-08-30,,11.90999984741211,5.96999979019165,7.909999847412109,
2024-09-03,,11.020000457763672,5.590000152587891,6.900000095367432,
2024-09-04,,11.170000076293945,5.820000171661377,6.71999979019165,
2024-09-05,,11.029999732971191,5.820000171661377,6.769999980926514,
2024-09-06,,9.949999809265137,5.590000152587891,6.440000057220459,
2024-09-09,,9.75,5.650000095367432,7.130000114440918,
2024-09-10,,10.149999618530273,6.090000152587891,7.53000020980835,
2024-09-11,,10.640000343322754,6.099999904632568,7.53000020980835,
2024-09-12,,10.380000114440918,6.230000019073486,7.389999866485596,
2024-09-13,,10.199999809265137,6.309999942779541,7.559999942779541,
2024-09-16,,9.779999732971191,6.210000038146973,7.730000019073486,
2024-09-17,,10.09000015258789,6.300000190734863,8.029999732971191,
2024-09-18,,10.140000343322754,6.21999979019165,7.71999979019165,
2024-09-19,,10.239999771118164,6.610000133514404,7.789999961853027,
2024-09-20,,10.90999984741211,8.40999984741211,7.510000228881836,
2024-09-23,,10.859999656677246,8.3100004196167,7.929999828338623,
2024-09-24,,10.539999961853027,8.3100004196167,8.979999542236328,
2024-09-25,,10.180000305175781,8.229999542236328,8.729999542236328,
2024-09-26,,10.40999984741211,8.579999923706055,9.130000114440918,
2024-09-27,,10.699999809265137,8.84000015258789,8.850000381469727,
2024-09-30,,10.5600004196167,8.09000015258789,8.4399995803833,
2024-10-01,,10.210000038146973,8.600000381469727,7.730000019073486,
2024-10-02,,10.729999542236328,9.5,7.800000190734863,
2024-10-03,,10.649999618530273,9.40999984741211,7.840000152587891,
2024-10-04,,10.829999923706055,11.1899995803833,8.680000305175781,
2024-10-07,,10.359999656677246,10.539999961853027,8.350000381469727,
2024-10-08,,10.25,10.0,8.050000190734863,
2024-10-09,,10.5600004196167,9.600000381469727,7.510000228881836,
2024-10-10,,10.220000267028809,9.8100004196167,7.329999923706055,
2024-10-11,,10.739999771118164,9.149999618530273,7.739999771118164,
2024-10-14,,10.460000038146973,10.039999961853027,8.529999732971191,
2024-10-15,,10.460000038146973,11.649999618530273,8.729999542236328,
2024-10-16,,10.40999984741211,16.540000915527344,9.350000381469727,
2024-10-17,,10.15999984741211,15.729999542236328,8.949999809265137,
2024-10-18,,10.15999984741211,18.229999542236328,9.489999771118164,
2024-10-21,,9.869999885559082,22.309999465942383,9.619999885559082,
2024-10-22,,9.729999542236328,20.829999923706055,9.279999732971191,
2024-10-23,,9.039999961853027,18.299999237060547,8.680000305175781,
2024-10-24,,9.1899995803833,18.059999465942383,9.239999771118164,
2024-10-25,,9.5,19.110000610351562,9.25,
2024-10-28,,10.149999618530273,24.5,10.899999618530273,
2024-10-29,,10.140000343322754,24.84000015258789,10.550000190734863,
2024-10-30,,10.100000381469727,22.889999389648438,10.319999694824219,
2024-10-31,,9.600000381469727,22.459999084472656,9.119999885559082,
2024-11-01,,9.9399995803833,21.670000076293945,9.050000190734863,
2024-11-04,,10.819999694824219,21.049999237060547,8.510000228881836,
2024-11-05,,11.399999618530273,20.579999923706055,8.9399995803833,
2024-11-06,,10.970000267028809,21.719999313354492,11.039999961853027,
2024-11-07,,10.670000076293945,26.559999465942383,11.210000038146973,
2024-11-08,,13.170000076293945,24.469999313354492,10.989999771118164,
2024-11-11,,13.619999885559082,24.059999465942383,12.75,
2024-11-12,,13.539999961853027,22.59000015258789,12.399999618530273,
2024-11-13,,13.600000381469727,23.079999923706055,10.880000114440918,
2024-11-14,,13.279999732971191,23.8799991607666,10.329999923706055,
2024-11-15,,21.139999389648438,18.0,10.670000076293945,
2024-11-18,,22.809999465942383,20.670000076293945,10.25,
2024-11-19,,23.75,21.799999237060547,10.40999984741211,
2024-11-20,,24.799999237060547,20.950000762939453,10.100000381469727,
2024-11-21,,23.940000534057617,25.229999542236328,9.720000267028809,
2024-11-22,,25.760000228881836,25.200000762939453,10.779999732971191,
2024-11-25,,25.950000762939453,22.90999984741211,10.40999984741211,
2024-11-26,,26.170000076293945,22.040000915527344,9.5600004196167,
2024-11-27,,27.209999084472656,21.950000762939453,12.399999618530273,
2024-11-29,,27.450000762939453,23.540000915527344,13.510000228881836,
2024-12-02,,26.920000076293945,22.229999542236328,12.619999885559082,
2024-12-03,,26.139999389648438,20.1299991607666,12.930000305175781,
2024-12-04,,26.280000686645508,20.34000015258789,14.270000457763672,
2024-12-05,,25.959999084472656,20.079999923706055,14.149999618530273,
2024-12-06,,27.079999923706055,21.90999984741211,15.390000343322754,
2024-12-09,,26.579999923706055,20.09000015258789,14.510000228881836,
2024-12-10,,23.469999313354492,18.420000076293945,13.359999656677246,
2024-12-11,,23.600000381469727,19.270000457763672,13.609999656677246,
2024-12-12,,24.809999465942383,18.3700008392334,13.430000305175781,
2024-12-13,,25.59000015258789,18.530000686645508,13.109999656677246,
2024-12-16,,26.149999618530273,18.479999542236328,13.90999984741211,
2024-12-17,,24.770000457763672,19.100000381469727,13.729999542236328,
2024-12-18,,23.459999084472656,18.3799991607666,12.130000114440918,
2024-12-19,,22.8799991607666,20.959999084472656,11.414999961853027,
2024-12-20,,24.1200008392334,21.520000457763672,11.8100004196167,
2024-12-23,,24.200000762939453,22.020000457763672,11.25,
2024-12-24,,24.329999923706055,23.610000610351562,11.8100004196167,
2024-12-26,,24.329999923706055,24.040000915527344,11.34000015258789,
2024-12-27,,22.899999618530273,22.780000686645508,10.710000038146973,
2024-12-30,,22.510000228881836,23.649999618530273,9.9399995803833,
2024-12-31,,22.209999084472656,21.229999542236328,9.819999694824219,
2025-01-02,,23.3700008392334,21.850000381469727,10.460000038146973,
2025-01-03,,24.31999969482422,27.25,11.34000015258789,
2025-01-06,,25.479999542236328,30.0,11.770000457763672,
2025-01-07,,25.059999465942383,29.5,11.380000114440918,
2025-01-08,,24.3799991607666,26.1200008392334,10.510000228881836,
2025-01-10,,23.579999923706055,25.239999771118164,11.0,
2025-01-13,,23.030000686645508,22.8799991607666,10.460000038146973,
2025-01-14,,22.299999237060547,22.809999465942383,10.970000267028809,
2025-01-15,,22.649999618530273,24.170000076293945,11.550000190734863,
2025-01-16,,23.559999465942383,24.229999542236328,11.449999809265137,
2025-01-17,,23.920000076293945,26.049999237060547,11.989999771118164,
2025-01-21,,25.75,31.25,10.8100004196167,
2025-01-22,,25.530000686645508,34.16999816894531,11.65999984741211,
2025-01-23,,27.670000076293945,38.779998779296875,12.279999732971191,
2025-01-24,,29.809999465942383,41.81999969482422,13.319999694824219,
2025-01-27,,22.420000076293945,31.110000610351562,10.09000015258789,
2025-01-28,,20.399999618530273,34.119998931884766,10.079999923706055,
2025-01-29,,22.3799991607666,35.29999923706055,9.979999542236328,
2025-01-30,,23.520000457763672,41.90999984741211,10.300000190734863,
2025-01-31,,23.579999923706055,41.61000061035156,10.220000267028809,
2025-02-03,,23.56999969482422,45.93000030517578,10.680000305175781,
2025-02-04,,23.110000610351562,46.88999938964844,10.680000305175781,
2025-02-05,,24.260000228881836,50.5,11.069999694824219,
2025-02-06,,24.780000686645508,47.7599983215332,11.59000015258789,
2025-02-07,,24.780000686645508,55.4900016784668,12.470000267028809,
2025-02-10,,25.389999389648438,53.72999954223633,12.859999656677246,
2025-02-11,,24.06999969482422,50.08000183105469,12.420000076293945,
2025-02-12,,23.479999542236328,54.380001068115234,13.010000228881836,
2025-02-13,,24.709999084472656,55.029998779296875,13.079999923706055,36.0
2025-02-14,,25.40999984741211,52.619998931884766,13.010000228881836,36.650001525878906
2025-02-18,,26.020000457763672,50.189998626708984,12.970000267028809,47.150001525878906
2025-02-19,,26.5,45.119998931884766,13.0,46.0
2025-02-20,,25.989999771118164,42.65999984741211,12.359999656677246,48.2599983215332
2025-02-21,,24.170000076293945,38.790000915527344,10.880000114440918,50.369998931884766
2025-02-24,,22.700000762939453,34.08000183105469,10.15999984741211,48.599998474121094
2025-02-25,,21.969999313354492,32.06999969482422,8.779999732971191,48.15999984741211
2025-02-26,,23.399999618530273,35.189998626708984,8.489999771118164,46.58000183105469
2025-02-27,,23.040000915527344,32.38999938964844,7.860000133514404,45.15999984741211
2025-02-28,,24.020000457763672,33.38999938964844,8.239999771118164,46.849998474121094
2025-03-03,,23.420000076293945,29.3799991607666,7.570000171661377,50.310001373291016
2025-03-04,,22.700000762939453,30.920000076293945,7.539999961853027,48.689998626708984
2025-03-05,,24.1200008392334,30.290000915527344,8.0600004196167,48.470001220703125
2025-03-06,,22.389999389648438,25.969999313354492,7.619999885559082,46.5
2025-03-07,,23.079999923706055,26.270000457763672,7.699999809265137,51.0
2025-03-10,,22.6200008392334,23.690000534057617,6.619999885559082,53.0
2025-03-11,,25.0,25.469999313354492,7.050000190734863,52.15999984741211
2025-03-12,,24.549999237060547,26.190000534057617,7.039999961853027,50.439998626708984
2025-03-13,,23.93000030517578,23.950000762939453,6.75,48.439998626708984
2025-03-14,,24.469999313354492,27.719999313354492,7.210000038146973,54.81999969482422
2025-03-17,,24.190000534057617,28.0,7.349999904632568,55.650001525878906
2025-03-18,,23.809999465942383,26.020000457763672,6.590000152587891,56.41999816894531
2025-03-19,,24.309999465942383,28.049999237060547,7.199999809265137,56.33000183105469
2025-03-20,,25.40999984741211,27.770000457763672,7.210000038146973,56.209999084472656
2025-03-21,,23.950000762939453,27.15999984741211,7.150000095367432,53.959999084472656
2025-03-24,,23.030000686645508,30.90999984741211,7.690000057220459,52.9900016784668
2025-03-25,,23.110000610351562,28.93000030517578,7.400000095367432,52.20000076293945
2025-03-26,,22.280000686645508,26.3700008392334,6.710000038146973,52.619998931884766
2025-03-27,,21.989999771118164,23.81999969482422,6.460000038146973,52.880001068115234
2025-03-28,,20.329999923706055,22.389999389648438,6.070000171661377,48.970001220703125
2025-03-31,,19.65999984741211,21.6299991607666,6.090000152587891,47.61000061035156
2025-04-01,,21.239999771118164,22.530000686645508,6.639999866485596,48.11000061035156
2025-04-02,,21.1200008392334,22.700000762939453,6.760000228881836,47.66999816894531
2025-04-03,,19.34000015258789,21.889999389648438,6.039999961853027,38.2599983215332
2025-04-04,,16.600000381469727,19.799999237060547,5.940000057220459,30.110000610351562
2025-04-07,,17.239999771118164,21.93000030517578,5.880000114440918,31.479999542236328
2025-04-08,,17.020000457763672,20.229999542236328,5.300000190734863,32.349998474121094
2025-04-09,,17.8700008392334,24.079999923706055,5.900000095367432,36.58000183105469
2025-04-10,,16.850000381469727,22.719999313354492,5.489999771118164,31.075000762939453
2025-04-11,,17.639999389648438,22.5,5.630000114440918,31.969999313354492
2025-04-14,,17.899999618530273,22.549999237060547,5.75,33.54999923706055
2025-04-15,,18.309999465942383,23.0,5.449999809265137,33.22999954223633
2025-04-16,,17.829999923706055,21.559999465942383,5.46999979019165,32.029998779296875
2025-04-17,,17.0,21.979999542236328,5.590000152587891,31.290000915527344
2025-04-21,,16.3799991607666,20.389999389648438,5.510000228881836,29.809999465942383
2025-04-22,,16.8799991607666,21.530000686645508,6.059999942779541,29.6200008392334
2025-04-23,,17.260000228881836,23.3700008392334,6.099999904632568,30.360000610351562
2025-04-24,,18.139999389648438,24.31999969482422,6.300000190734863,32.290000915527344
2025-04-25,,18.93000030517578,23.739999771118164,6.539999961853027,32.849998474121094
2025-04-28,,19.239999771118164,24.489999771118164,6.389999866485596,32.27000045776367
2025-04-29,,18.90999984741211,24.440000534057617,6.269999980926514,32.939998626708984
2025-04-30,,18.31999969482422,23.739999771118164,6.110000133514404,32.11000061035156
2025-05-01,,16.809999465942383,26.309999465942383,6.369999885559082,32.59000015258789
2025-05-02,,16.440000534057617,26.239999771118164,6.53000020980835,34.400001525878906
2025-05-05,,16.31999969482422,25.469999313354492,6.190000057220459,34.61000061035156
2025-05-06,,16.34000015258789,28.65999984741211,6.5,33.83000183105469
2025-05-07,,16.530000686645508,27.1200008392334,6.570000171661377,34.970001220703125
2025-05-08,,17.239999771118164,26.950000762939453,6.889999866485596,36.65999984741211
2025-05-09,,17.6200008392334,28.09000015258789,7.039999961853027,37.7400016784668
2025-05-12,,18.90999984741211,28.850000381469727,7.510000228881836,41.27000045776367
2025-05-13,,19.15999984741211,32.029998779296875,8.119999885559082,42.0
2025-05-14,,20.25,37.0099983215332,7.96999979019165,41.93000030517578
2025-05-15,,19.81999969482422,37.40999984741211,7.75,40.540000915527344
2025-05-16,,20.110000610351562,37.720001220703125,8.40999984741211,40.439998626708984
2025-05-19,,19.229999542236328,39.72999954223633,8.539999961853027,38.779998779296875
2025-05-20,,19.110000610351562,37.56999969482422,8.609999656677246,40.18000030517578
2025-05-21,,18.209999084472656,36.810001373291016,8.890000343322754,38.599998474121094
2025-05-22,,18.3700008392334,39.720001220703125,9.279999732971191,37.84000015258789
2025-05-23,,19.479999542236328,48.869998931884766,9.119999885559082,37.279998779296875
2025-05-27,,19.760000228881836,53.900001525878906,9.239999771118164,38.18000030517578
2025-05-28,,19.59000015258789,55.2400016784668,8.859999656677246,38.58000183105469
2025-05-29,,18.56999969482422,52.93000030517578,8.600000381469727,38.599998474121094
2025-05-30,,18.469999313354492,52.720001220703125,8.390000343322754,37.689998626708984
2025-06-02,,18.280000686645508,52.439998626708984,8.729999542236328,37.33000183105469
2025-06-03,,20.40999984741211,49.77000045776367,8.890000343322754,38.63999938964844
2025-06-04,,20.25,49.09000015258789,9.430000305175781,39.81999969482422
2025-06-05,7.747724533081055,20.450000762939453,47.15999984741211,8.949999809265137,39.119998931884766
2025-06-06,7.542784690856934,21.780000686645508,50.290000915527344,9.75,39.150001525878906
2025-06-09,6.88797664642334,21.43000030517578,54.2599983215332,10.34000015258789,41.81999969482422
2025-06-10,6.748018264770508,21.6299991607666,52.540000915527344,10.489999771118164,41.59000015258789
2025-06-11,6.298150539398193,22.530000686645508,68.02999877929688,10.300000190734863,40.22999954223633
2025-06-12,5.608353137969971,22.25,64.4800033569336,10.170000076293945,41.29999923706055
2025-06-13,4.95854377746582,21.950000762939453,63.65999984741211,9.829999923706055,42.5
2025-06-16,4.748605251312256,22.90999984741211,65.44999694824219,10.399999618530273,44.209999084472656
2025-06-17,4.81858491897583,21.34000015258789,62.77000045776367,9.770000457763672,44.09000015258789
2025-06-18,4.698619842529297,21.5,62.02000045776367,9.800000190734863,46.619998931884766
2025-06-20,4.608646392822266,21.75,57.95000076293945,10.470000267028809,46.58000183105469
2025-06-23,4.398708343505859,22.559999465942383,55.11000061035156,10.65999984741211,46.95000076293945
2025-06-24,4.418702125549316,22.950000762939453,60.709999084472656,11.539999961853027,47.34000015258789
2025-06-25,4.368716716766357,21.600000381469727,55.56999969482422,11.869999885559082,47.25
2025-06-26,4.418702125549316,22.329999923706055,55.849998474121094,13.109999656677246,47.439998626708984
2025-06-27,4.263747692108154,22.18000030517578,55.2599983215332,14.0,47.150001525878906
2025-06-30,33.89004898071289,23.920000076293945,55.9900016784668,14.569999694824219,45.349998474121094
2025-07-01,45.98649215698242,22.1299991607666,51.7400016784668,15.229999542236328,44.959999084472656
2025-07-02,58.48282241821289,22.559999465942383,51.33000183105469,15.65999984741211,46.209999084472656
2025-07-03,134.96035766601562,24.239999771118164,53.720001220703125,16.81999969482422,46.40999984741211
2025-07-07,107.44844818115234,24.360000610351562,55.939998626708984,16.950000762939453,45.220001220703125
2025-07-08,111.4672622680664,24.299999237060547,53.52000045776367,16.889999389648438,46.16999816894531
2025-07-09,66.70040893554688,28.709999084472656,53.93000030517578,16.959999084472656,46.20000076293945
2025-07-10,45.996490478515625,25.850000381469727,55.45000076293945,17.030000686645508,46.95000076293945
2025-07-11,40.60807418823242,25.399999618530273,56.08000183105469,16.229999542236328,46.09000015258789
2025-07-14,41.007957458496094,25.959999084472656,62.40999984741211,17.280000686645508,42.47999954223633
2025-07-15,39.948265075683594,25.309999465942383,60.95000076293945,16.8799991607666,42.720001220703125
2025-07-16,44.78684616088867,24.690000534057617,64.37000274658203,17.309999465942383,41.36000061035156
2025-07-17,41.887699127197266,24.309999465942383,67.16999816894531,18.049999237060547,41.52000045776367
2025-07-18,42.337562561035156,24.989999771118164,68.9800033569336,17.940000534057617,42.189998626708984
2025-07-21,39.558380126953125,25.360000610351562,62.5099983215332,18.149999618530273,41.61000061035156
2025-07-22,40.31816101074219,25.93000030517578,61.31999969482422,18.59000015258789,41.36000061035156
2025-07-23,39.4884033203125,26.889999389648438,66.97000122070312,18.989999771118164,43.0
2025-07-24,41.73774337768555,33.060001373291016,74.58999633789062,18.139999389648438,42.060001373291016
2025-07-25,39.78831481933594,34.34000015258789,75.5,17.719999313354492,42.47999954223633
2025-07-28,35.099693298339844,34.779998779296875,75.5,16.579999923706055,41.88999938964844
2025-07-29,31.990604400634766,34.75,71.01000213623047,15.789999961853027,42.93000030517578
2025-07-30,34.38990020751953,37.619998931884766,75.62999725341797,16.139999389648438,43.38999938964844
2025-07-31,34.62982940673828,37.38999938964844,76.58999633789062,16.110000610351562,42.91999816894531
2025-08-01,31.670698165893555,36.720001220703125,71.48999786376953,15.399999618530273,41.33000183105469
2025-08-04,31.120859146118164,36.099998474121094,76.41000366210938,16.479999542236328,42.5099983215332
2025-08-05,33.29022216796875,37.61000061035156,84.08999633789062,16.450000762939453,41.93000030517578
2025-08-06,38.45870590209961,38.86000061035156,83.0999984741211,18.31999969482422,42.099998474121094
2025-08-07,41.267879486083984,36.79999923706055,79.31999969482422,18.56999969482422,40.689998626708984
2025-08-08,51.41489791870117,36.79999923706055,75.31999969482422,18.450000762939453,44.34000015258789
2025-08-11,58.96268081665039,37.650001525878906,71.86000061035156,17.969999313354492,43.369998931884766
2025-08-12,62.42166519165039,41.25,78.47000122070312,17.829999923706055,46.83000183105469
2025-08-13,61.61190414428711,44.08000183105469,77.41999816894531,17.729999542236328,47.0099983215332
2025-08-14,60.4322509765625,45.11000061035156,73.66000366210938,19.079999923706055,46.68000030517578
2025-08-15,57.793025970458984,45.279998779296875,71.05999755859375,19.690000534057617,44.540000915527344
2025-08-18,54.85388946533203,46.5,68.98999786376953,20.704999923706055,45.52000045776367
2025-08-19,49.765380859375,43.099998474121094,65.41000366210938,18.729999542236328,44.58000183105469
2025-08-20,52.044715881347656,44.5099983215332,66.56999969482422,19.760000228881836,44.400001525878906
2025-08-21,47.71598434448242,44.83000183105469,67.19000244140625,19.59000015258789,45.5
2025-08-22,53.47429656982422,48.540000915527344,70.37999725341797,21.43000030517578,46.369998931884766
2025-08-25,49.58543395996094,49.349998474121094,71.19000244140625,23.1200008392334,46.779998779296875
2025-08-26,49.935333251953125,49.939998626708984,74.30999755859375,22.989999771118164,47.349998474121094
2025-08-27,46.016483306884766,50.849998474121094,73.19999694824219,22.354999542236328,48.439998626708984
2025-08-28,45.55662155151367,54.79999923706055,77.88999938964844,23.040000915527344,50.869998931884766
2025-08-29,43.60719299316406,52.939998626708984,73.63999938964844,26.479999542236328,52.470001220703125
2025-09-02,42.4775276184082,51.349998474121094,73.58999633789062,29.110000610351562,51.06999969482422
2025-09-03,44.84682846069336,52.45000076293945,72.2300033569336,28.209999084472656,53.0099983215332
2025-09-04,42.1776123046875,54.90999984741211,69.61000061035156,26.1299991607666,62.5
2025-09-05,42.02765655517578,57.06999969482422,69.79000091552734,26.149999618530273,68.55000305175781
2025-09-08,43.77714538574219,53.439998626708984,70.72000122070312,26.190000534057617,70.49500274658203
2025-09-09,44.5869026184082,55.0,73.97000122070312,30.190000534057617,70.51000213623047
2025-09-10,45.58660888671875,62.959999084472656,73.75,33.630001068115234,73.91999816894531
2025-09-11,47.775970458984375,67.29000091552734,79.97000122070312,32.849998474121094,84.30000305175781
2025-09-12,55.07382583618164,67.26000213623047,82.70999908447266,33.959999084472656,86.12999725341797
2025-09-15,53.09440612792969,67.0199966430664,95.68000030517578,37.13999938964844,90.08999633789062
2025-09-16,55.913578033447266,73.29000091552734,95.83000183105469,36.45000076293945,91.55000305175781
2025-09-17,57.05324172973633,79.66999816894531,95.29000091552734,37.900001525878906,93.97000122070312
2025-09-18,59.9423942565918,80.97000122070312,104.97000122070312,36.31999969482422,98.87000274658203
2025-09-19,61.27200698852539,84.93000030517578,135.22999572753906,38.63999938964844,102.20999908447266
2025-09-22,55.08382034301758,86.2699966430664,140.3000030517578,41.900001525878906,102.91999816894531
2025-09-23,54.474002838134766,77.37999725341797,142.64999389648438,41.77000045776367,106.4000015258789
2025-09-24,51.904754638671875,69.18000030517578,131.1699981689453,47.13999938964844,99.83000183105469
2025-09-25,49.55544662475586,68.69000244140625,119.12999725341797,46.290000915527344,94.29000091552734
2025-09-26,50.485172271728516,70.31999969482422,110.52999877929688,41.86000061035156,97.12000274658203
2025-09-29,53.204376220703125,73.5999984741211,116.51000213623047,45.93000030517578,113.5
2025-09-30,51.91475296020508,84.56999969482422,111.62999725341797,46.93000030517578,112.19999694824219
2025-10-01,52.344627380371094,90.19000244140625,115.93000030517578,47.08000183105469,121.12000274658203
2025-10-02,56.4834098815918,88.0,128.8000030517578,47.02000045776367,124.13999938964844
2025-10-03,56.63336944580078,90.29000091552734,127.36000061035156,50.459999084472656,128.41000366210938
2025-10-06,63.201438903808594,86.97000122070312,138.55999755859375,57.75,121.16999816894531
2025-10-07,59.1826171875,86.05999755859375,134.1199951171875,61.68000030517578,120.94999694824219
2025-10-08,59.982383728027344,87.58000183105469,134.77000427246094,60.09000015258789,131.8800048828125
2025-10-09,59.082645416259766,86.6500015258789,138.1300048828125,63.849998474121094,129.67999267578125
2025-10-10,52.454593658447266,86.87000274658203,147.16000366210938,59.77000045776367,116.91000366210938
2025-10-13,56.83330535888672,109.91000366210938,171.00999450683594,64.13999938964844,134.61000061035156
2025-10-14,52.90446090698242,114.05999755859375,174.13999938964844,69.55999755859375,127.29000091552734
2025-10-15,53.784202575683594,116.58000183105469,171.55999755859375,67.9800033569336,144.3000030517578
2025-10-16,51.06500244140625,115.08999633789062,162.13999938964844,61.83000183105469,144.27000427246094
2025-10-17,49.83536148071289,111.5,163.38999938964844,60.720001220703125,140.16000366210938
2025-10-20,53.784202575683594,109.05999755859375,159.0500030517578,59.220001220703125,148.0399932861328
2025-10-21,51.834774017333984,104.37999725341797,139.44000244140625,55.19499969482422,149.2899932861328
2025-10-22,48.01589584350586,94.37000274658203,120.12000274658203,51.83000183105469,146.9499969482422
2025-10-23,49.17555618286133,101.41999816894531,124.69999694824219,55.86000061035156,167.0500030517578
2025-10-24,50.395198822021484,110.37999725341797,136.0500030517578,62.900001525878906,186.16000366210938
2025-10-27,53.69422912597656,108.52999877929688,137.42999267578125,64.98999786376953,176.49000549316406
2025-10-28,52.524574279785156,113.27999877929688,132.27999877929688,62.41999816894531,175.52999877929688
2025-10-29,49.74538803100586,133.7100067138672,143.4199981689453,60.41999816894531,204.36000061035156
2025-10-30,44.53691864013672,127.8499984741211,137.38999938964844,58.220001220703125,195.82000732421875
2025-10-31,46.63630294799805,132.16000366210938,132.77000427246094,60.75,199.3300018310547
2025-11-03,42.847415924072266,142.3699951171875,126.66999816894531,67.75,207.00999450683594
2025-11-04,39.44841384887695,129.0500030517578,112.2300033569336,66.62999725341797,194.57000732421875
2025-11-05,41.4078369140625,141.41000366210938,121.2300033569336,76.41000366210938,216.5
2025-11-06,37.35902786254883,136.86000061035156,106.75,66.95999908447266,207.69000244140625
2025-11-07,40.21818923950195,135.2100067138672,112.6500015258789,62.380001068115234,239.47999572753906
2025-11-10,41.13792037963867,139.22999572753906,111.5199966430664,60.16999816894531,267.95001220703125
2025-11-11,39.57837677001953,127.06999969482422,104.22000122070312,57.380001068115234,271.5799865722656
2025-11-12,40.55808639526367,126.72000122070312,111.16999816894531,55.70000076293945,283.1000061035156
2025-11-13,36.559261322021484,103.55000305175781,101.63999938964844,48.650001525878906,243.57000732421875
2025-11-14,34.38990020751953,111.88999938964844,97.56999969482422,46.369998931884766,254.16000366210938
2025-11-17,30.940914154052734,107.11000061035156,95.36000061035156,47.40999984741211,265.8800048828125
2025-11-18,32.2705192565918,104.97000122070312,96.62999725341797,48.849998474121094,244.92999267578125
2025-11-19,29.171432495117188,108.93000030517578,102.86000061035156,45.83000183105469,245.9600067138672
2025-11-20,26.012361526489258,93.37999725341797,88.0,43.470001220703125,195.9600067138672
2025-11-21,25.992366790771484,89.98999786376953,88.16999816894531,42.2599983215332,200.27000427246094
2025-11-24,31.090869903564453,95.55999755859375,89.55000305175781,48.4900016784668,226.9600067138672
2025-11-25,28.901512145996094,94.29000091552734,85.7699966430664,47.470001220703125,220.5
2025-11-26,31.730680465698242,101.13999938964844,88.72000122070312,48.45000076293945,215.0399932861328
2025-11-28,33.11027526855469,109.23999786376953,91.37999725341797,47.810001373291016,223.27999877929688
2025-12-01,28.931503295898438,98.93000030517578,87.36000061035156,48.4900016784668,210.1699981689453
2025-12-02,31.900630950927734,105.0,91.83999633789062,41.119998931884766,205.35000610351562
2025-12-03,33.650115966796875,102.5,96.58999633789062,43.959999084472656,194.3800048828125
2025-12-04,36.30933380126953,118.08999633789062,111.6500015258789,46.45000076293945,213.30999755859375
2025-12-05,34.04999923706055,119.18000030517578,104.66999816894531,44.709999084472656,228.47000122070312
2025-12-08,35.84000015258789,111.79000091552734,104.61000061035156,46.34000015258789,225.47000122070312
2025-12-09,39.209999084472656,109.44000244140625,103.93000030517578,46.84000015258789,219.4600067138672
2025-12-10,40.400001525878906,101.29000091552734,100.5999984741211,43.91999816894531,232.86000061035156
2025-12-11,38.380001068115234,108.98999786376953,103.0,43.939998626708984,241.61000061035156
2025-12-12,34.86000061035156,94.9800033569336,87.41999816894531,40.130001068115234,206.17999267578125
2025-12-15,30.950000762939453,89.58000183105469,82.33000183105469,35.47999954223633,201.8699951171875
2025-12-16,31.389999389648438,87.61000061035156,83.51000213623047,36.59000015258789,209.30999755859375
2025-12-17,29.31999969482422,76.97000122070312,75.94000244140625,33.779998779296875,206.8300018310547
2025-12-18,28.43000030517578,80.20999908447266,77.72000122070312,35.79999923706055,219.4600067138672
2025-12-19,31.360000610351562,88.81999969482422,83.2300033569336,39.91999816894531,237.61000061035156
2025-12-22,31.09000015258789,92.26000213623047,83.44000244140625,42.040000915527344,241.0500030517578
2025-12-23,29.780000686645508,91.43000030517578,81.87999725341797,42.06999969482422,244.89999389648438
2025-12-24,29.350000381469727,91.87999725341797,81.30999755859375,41.97999954223633,250.0800018310547
2025-12-26,28.309999465942383,90.18000030517578,76.91999816894531,40.29999923706055,250.0500030517578
2025-12-29,28.540000915527344,88.41000366210938,74.08999633789062,39.40999984741211,244.25
2025-12-30,27.719999313354492,87.26000213623047,71.62000274658203,38.29999923706055,240.22000122070312
2025-12-31,27.149999618530273,86.88999938964844,71.76000213623047,37.77000045776367,237.3800048828125
